{"hotspotdatas":["{\"name\":\"-10436\",\"position\":{\"x\":-6.061132431030273,\"y\":-9.166983604431153,\"z\":18.762269973754884}}","{\"name\":\"-10446\",\"position\":{\"x\":-3.0728323459625246,\"y\":-8.951020240783692,\"z\":19.19149398803711}}","{\"name\":\"-10456\",\"position\":{\"x\":-4.563927173614502,\"y\":-10.894679069519043,\"z\":17.127166748046876}}"]}